<?xml version="1.0" encoding="UTF-8"?>
<project xmlns="http://www.netbeans.org/ns/project/1">
    <type>org.netbeans.modules.apisupport.project</type>
    <configuration>
        <data xmlns="http://www.netbeans.org/ns/nb-module-project/3">
            <code-name-base>com.jaspersoft.ireport.mongodb</code-name-base>
            <suite-component/>
            <module-dependencies>
                <dependency>
                    <code-name-base>com.jaspersoft.ireport</code-name-base>
                    <build-prerequisite/>
                    <compile-dependency/>
                    <run-dependency>
                        <release-version>1</release-version>
                        <specification-version>1.0</specification-version>
                    </run-dependency>
                </dependency>
                <dependency>
                    <code-name-base>org.openide.modules</code-name-base>
                    <build-prerequisite/>
                    <compile-dependency/>
                    <run-dependency>
                        <specification-version>7.7.1</specification-version>
                    </run-dependency>
                </dependency>
                <dependency>
                    <code-name-base>org.openide.util</code-name-base>
                    <build-prerequisite/>
                    <compile-dependency/>
                    <run-dependency>
                        <specification-version>7.18.1.1</specification-version>
                    </run-dependency>
                </dependency>
            </module-dependencies>
            <public-packages/>
            <class-path-extension>
                <runtime-relative-path>ext/js-mongodb-datasource-1.0.0a.jar</runtime-relative-path>
                <binary-origin>release/modules/ext/js-mongodb-datasource-1.0.0a.jar</binary-origin>
            </class-path-extension>
            <class-path-extension>
                <runtime-relative-path>ext/mongo-java-driver-2.7.3.jar</runtime-relative-path>
                <binary-origin>release/modules/ext/mongo-java-driver-2.7.3.jar</binary-origin>
            </class-path-extension>
        </data>
    </configuration>
</project>
