<?xml version="1.0" encoding="UTF-8"?>
<!DOCTYPE filesystem PUBLIC "-//NetBeans//DTD Filesystem 1.2//EN" "http://www.netbeans.org/dtds/filesystem-1_2.dtd">
<filesystem>
    <attr name="Menu\View\Report Designer\ShowPdf508TagsAction.shadow\position" intvalue="300"/>
    <attr name="Menu\View\Report Designer\com-jaspersoft-ireport-designer-menu-DatasourcesAction.shadow\position" intvalue="500"/>
    <attr name="Menu\View\Report Designer\com-jaspersoft-ireport-designer-menu-ShowGridAction.shadow\position" intvalue="600"/>
    <attr name="Menu\View\Report Designer\com-jaspersoft-ireport-designer-menu-SnapToGridAction.shadow\position" intvalue="700"/>
    <folder name="Actions">
        <folder name="Designer">
            <file name="com-jaspersoft-ireport-addons-background-BackgroundImageAction.instance"/>
            <file name="com-jaspersoft-ireport-addons-background-ShowBackgroundImageAction.instance"/>
            <file name="com-jaspersoft-ireport-addons-background-DeleteBackgroundImageAction.instance"/>
            <file name="com-jaspersoft-ireport-addons-background-TransformBackgroundImageAction.instance"/>
            <folder name="Tools">
                <file name="com-jaspersoft-ireport-addons-transformer-TransformToBarcodeComponentAction.instance"/>
                <file name="com-jaspersoft-ireport-addons-transformer-tool-OpenTransformationToolAction.instance"/>
            </folder>
        </folder>
        <folder name="Window">
            <file name="com-jaspersoft-ireport-addons-layers-LayersAction.instance">
                <attr name="component" methodvalue="com.jaspersoft.ireport.addons.layers.LayersTopComponent.findInstance"/>
                <attr name="displayName" bundlevalue="com.jaspersoft.ireport.addons.layers.Bundle#CTL_LayersAction"/>
                <attr name="instanceCreate" methodvalue="org.openide.windows.TopComponent.openAction"/>
            </file>
        </folder>
    </folder>
    <folder name="Menu">
        <folder name="View">
            <folder name="Report Designer">
                <file name="com-jaspersoft-ireport-addons-background-BackgroundImageAction.shadow">
                    <attr name="originalFile" stringvalue="Actions/Designer/com-jaspersoft-ireport-addons-background-BackgroundImageAction.instance"/>
                    <attr name="position" intvalue="100"/>
                </file>
                <file name="com-jaspersoft-ireport-addons-background-TransformBackgroundImageAction.shadow">
                    <attr name="originalFile" stringvalue="Actions/Designer/com-jaspersoft-ireport-addons-background-TransformBackgroundImageAction.instance"/>
                    <attr name="position" intvalue="102"/>
                </file>
                <file name="com-jaspersoft-ireport-addons-background-ShowBackgroundImageAction.shadow">
                    <attr name="originalFile" stringvalue="Actions/Designer/com-jaspersoft-ireport-addons-background-ShowBackgroundImageAction.instance"/>
                    <attr name="position" intvalue="103"/>
                </file>
                <file name="com-jaspersoft-ireport-addons-background-DeleteBackgroundImageAction.shadow">
                    <attr name="originalFile" stringvalue="Actions/Designer/com-jaspersoft-ireport-addons-background-DeleteBackgroundImageAction.instance"/>
                    <attr name="position" intvalue="104"/>
                </file>

                <file name="bg_separator.instance">
                        <attr name="instanceClass" stringvalue="javax.swing.JSeparator"/>
                        <attr name="position" intvalue="105"/>
                    </file>
            </folder>
        </folder>
        <folder name="Window">
            <file name="LayersAction.shadow">
                <attr name="originalFile" stringvalue="Actions/Window/com-jaspersoft-ireport-addons-layers-LayersAction.instance"/>
            </file>
        </folder>
       <folder name="Tools">
           <file name="com-jaspersoft-ireport-addons-transformer-tool-OpenTransformationToolAction.shadow">
                    <attr name="originalFile" stringvalue="Actions/Designer/Tools/com-jaspersoft-ireport-addons-transformer-tool-OpenTransformationToolAction.instance"/>
                    <attr name="position" intvalue="1"/>
                </file>
       </folder>
    </folder>

    <folder name="ireport">
        <folder name="palette">
            <folder name="Tools">
                 <file name="callout.irpitem" url="callouts/callout.irpitem"/>
            </folder>
        </folder>
        <folder name="decorators">
            <folder name="elements">
               <file name="com-jaspersoft-ireport-addons-layers-LayerElementDecorator.instance">
               <!--  <attr name="instanceClass" stringvalue="com.jaspersoft.ireport.addons.layers.LayerElementDecorator"/> -->
               </file>
               <file name="com-jaspersoft-ireport-addons-transformer-BarcodeTransformerElementDecorator.instance">
                <attr name="instanceClass" stringvalue="com.jaspersoft.ireport.addons.transformer.BarcodeTransformerElementDecorator"/>
                <attr name="instanceOf" stringvalue="com.jaspersoft.ireport.designer.ElementDecorator"/>
               </file>
            </folder>
        </folder>
    </folder>

    <folder name="Windows2">
        <file name="LayersTopComponent.settings" url="LayersTopComponentSettings.xml"/>
        <folder name="Modes">
            <folder name="properties">
               <file name="LayersTopComponent.wstcref" url="LayersTopComponentWstcref.xml"/>
            </folder>
        </folder>
    </folder>

</filesystem>
